Index,Topic
0,biographicalinformation
1,companyreports
2,unitedstatesinternationalrelations
3,reviews
4,finances
5,music
6,weddingsandengagements
7,politicsandgovernment
8,terrorism
9,baseball
10,elections
11,correctionstories
12,lawandlegislation
13,companyearnings
14,motionpictures
15,ethics
16,football
17,noindexterms
18,labor
19,editorials
20,appointmentsandexecutivechanges
21,murdersandattemptedmurders
22,economicconditionsandtrends
23,suitsandlitigation
24,computersandtheinternet
25,housing
26,prices
27,television
28,electionissues
29,educationandschools
30,women
31,art
32,basketball
33,restaurants
34,"hockey,ice"
35,newsandnewsmedia
36,"mergers,acquisitionsanddivestitures"
37,childrenandyouth
38,automobiles
39,dancing
40,roadsandtraffic
41,unitedstatespoliticsandgovernment
42,theater
43,medicineandhealth
44,blacks
45,police
46,collegesanduniversities
47,unitedstateseconomy
48,reformandreorganization
49,internationalrelations
50,stocksandbonds
51,palestinians
52,accidentsandsafety
53,fraudsandswindling
54,oilandgasoline
55,publicopinion
56,travelandvacations
57,weather
58,wagesandsalaries
59,immigrationandrefugees
60,athleticsandsports
61,"suspensions,dismissalsandresignations"
62,internationaltradeandworldmarket
63,"awards,decorationsandhonors"
64,jews
65,coachesandmanagers
66,banksandbanking
67,recordings
68,crimeandcriminals
69,cookingandcookbooks
70,taxation
71,demonstrationsandriots
72,socialconditionsandtrends
73,research
74,acquiredimmunedeficiencysyndrome
75,olympicgames
76,regulationandderegulationofindustry
77,presidentialelectionof2000
78,currency
79,photography
80,telephonesandtelecommunications
81,presidentialelectionof2004
82,homosexuality
83,firesandfiremen
84,tennis
85,"newmodels,designandproducts"
86,electriclightandpower
87,quotationoftheday
88,healthinsurance
89,collegeathletics
90,restorationandrehabilitation
91,mentalhealthanddisorders
92,horseracing
93,trials
94,railroads
95,apparel
96,companyandorganizationprofiles
97,decisionsandverdicts
98,testsandtesting
99,gardensandgardening
100,civilwarandguerrillawarfare
101,fishandothermarinelife
102,hotelsandmotels
103,ratingsandratingsystems
104,shutdowns
105,drugabuseandtraffic
106,prisonsandprisoners
107,cancer
108,wastematerialsanddisposal
109,shows
110,rentingandleasing
111,subways
112,parksandotherrecreationareas
113,discrimination
114,presidentialelectionof1996
115,areaplanningandrenewal
116,presidentialelectionof1992
117,credit
118,shipsandshipping
119,aged
120,courts
121,accountchanges
122,contracts
123,alcoholicbeverages
124,firearms
125,hospitals
126,philanthropy
127,islam
128,surveysandseries
129,food
130,radio
131,fines
132,federaltaxes
133,freedomandhumanrights
134,governmentemployees
135,airpollution
136,childabuseandneglect
137,retailstoresandtrade
138,stockpricesandtradingvolume
139,antitrustactionsandlaws
140,"health,personal"
141,playoffgames
142,geographicprofiles
143,suicidesandsuicideattempts
144,space
145,standardsandstandardization
146,smokingandtobacco
147,parties
148,gambling
149,forecasts
150,sentences
151,architecture
152,foreigninvestments
153,consumerprotection
154,robberiesandthefts
155,assassinationsandattemptedassassinations
156,sales
157,dowjonesstockaverage
158,environment
159,federalaid
160,atomicenergy
161,trackandfield
162,opera
163,artshows
164,internetandworldwideweb
165,assaults
166,"indians,american"
167,bridge
168,men
169,industryprofiles
170,water
171,englishlanguage
172,kidnapping
173,buses
174,entertainmentandamusements
175,history
176,historicbuildingsandsites
177,familiesandfamilylife
178,factoriesandindustrialplants
179,hazardousandtoxicsubstances
180,racialrelations
181,recordsandachievements
182,homelesspersons
183,"armament,defenseandmilitaryforces"
184,dietandnutrition
185,immigrationandemigration
186,keyrates
187,armscontrolandlimitationanddisarmament
188,trades
189,stocks
190,drugtraffic
191,militaryaction
192,constitutions
193,heart
194,states
195,geneticsandheredity
196,religionandchurches
197,insurance
198,relocationofbusiness
199,festivals
200,marriages
201,"age,chronological"
202,waterpollution
203,design
204,independencemovements
205,bridgesandtunnels
206,realestate
207,hostages
208,production
209,hispanic-americans
210,espionage
211,handicapped
212,treaties
213,"conventions,national"
214,church-staterelations
215,refugeesandexpatriates
216,missiles
217,warcrimesandcriminals
218,monumentsandmemorials
219,personalcomputers
220,shootings
221,vietnamwar
222,drugaddictionandabuse
223,bicyclesandbicycling
224,sportsofthetimes
225,abortion
226,chess
227,naziera
228,dogs
229,softwareproducts
230,militaryaircraft
231,debating
232,airports
233,christiansandchristianity
234,lobbyingandlobbyists
235,building
236,restaurantreviews
237,urbanareas
238,auctions
239,flowersandplants
240,childabuse
241,socialsecurity
242,pregnancyandobstetrics
243,agriculture
244,cocaine
245,booktrade
246,thirdworldanddevelopingcountries
247,furniture
248,pensionsandretirementplans
249,cabletelevision
250,interiordesign
251,brokersandbrokeragefirms
252,privatization
253,privacy
254,rates
255,officebuildings
256,explosions
257,boxing
258,violationsofsecuritiesandcommoditiesregulations
259,firesandfirefighters
260,welfare
261,investmentstrategies
262,zoning
263,reproduction
264,spanish-speakinggroups
265,magazines
266,executivesandmanagement
267,newyorktimesneediestcasesfund
268,soccer
269,sex
270,beaches
271,electronicinformationsystems
272,foodcontaminationandpoisoning
273,inventionsandinventors
274,treesandshrubs
275,newspapers
276,draftandrecruitment
277,parades
278,militarybasesandinstallations
279,meat
280,iceskating
281,christmas
282,lifestyles
283,racketeeringandracketeers
284,affirmativeaction
285,drugs
286,organizedcrime
287,stateandlocalaid
288,freedomofspeechandexpression
289,nightclubsandcabarets
290,kurds
291,taxicabsandtaxicabdrivers
292,librariesandlibrarians
293,delays
294,torture
295,astronautics
296,legalprofession
297,politicalprisoners
298,corporatebonds
299,documentaryfilmsandprograms
