Canada,loonies
botany,stigma
boxing,crosser;swords;ko;cross;uppercuts;uppercut;kos
golf,pinned;pin;holing;hazards;pitches;hazard;pinning;pitching;pitch;hole;holed
disapproving,bigots;whitewashing;jingoistic;whitewashed;opportunist;diktat;profiteering;whitewash;sensationalism;opportunistic;sop;overkill;degenerate;diktats;decadence;sharks;parodies;bigot;snobbery;farce;drunkards;racism;snot;pedantic;snots;parodying;racist;commercialism;opportunists;nepotism;snob;platitudes;underlings;degeneration;crony;infidel;parodied;reactionary;cliques;hypocritical;exhibitionism;ostentation;henchmen;clique;posturing;histrionics;sensationalist;nouveau;hypocrite;degenerated;opportunism;farcical;cronyism;lackey;demagogue;womaniser;whitewashes;infidels;racists;riche;wringing;hypocrites;cronies;chauvinism;parody
humorous,rump;posterior
Scotland,bairns;loch;lochs;kirk
biology,mutant;vertebrates;ink;community;mollusc;receptor;conifer;spores;serum;amino;ovum;inked;vertebrate;receptors;pheromone;mutants;genes;conifers;pupae;egging;communities;pheromones;gene;microorganisms;egged;colouration;lays;genus;photosynthesis;order;egg
Christianity,redemptive;redemption
weather,highest;highs;high;fronting;fronted;lows;front;'high;'low;depression;low
art,studying;study
linguistics,aspirated;syntax;forms;combining;morphology;semantics
basketball,dunk;pivots;buckets;bucket;pivoted;dribbles;pivot
psychology,denial;projection;obsessives;obsessively;ids;i'd;projections;'i'd;denials;obsessive;id
computers,framed;application;tagged;instruction;protocol;tiniest;uploading;peripheral;chomping;packet;worm;looping;tag;pieces;url;frame;loop;loops;networks;recognition;utility;usb;defaulters;memories;megabits;defaulting;apps;menus;smallest;tagging;memory;microchip;app;uploaded;printers;applications;threads;defaulted;bit;champing;protocols;instructions;threaded;thread;default;macro;isp;packets;upload;microchips;threading;uploads;defaults;intranet;slightest;framing
informal,funnyman;sci;'daddy;splashing;howlers;zine;facilities;slogs;sleep;worshipper;hoodies;psycho;loons;hotheads;buddy;croc;speeded;rehabbing;gigs;bites;tail;civilization;baddies;meister;flicking;mobbed;woman;clubbed;oceans;puzzler;spook;southpaw;fretting;'high;expats;stiff;shenanigans;dig;fretted;boozer;scrapping;remoteness;gut;quaking;pec;washout;flick;wannabes;oddball;porn;lightest;zero;murderer;grooves;specs;folk;bagging;sub;crackpot;'top;biopics;minty;freaks;goer;zoomed;fashionistas;mints;hash;oldies;flavoured;hairs;tykes;jointly;fluke;oldie;dorm;buzzing;bulls;kids;flames;pickle;bruiser;grander;copping;pics;pinning;flamed;spines;dither;smoke;peanut;murdering;shaded;bod;spooks;hoodie;slogging;private;glitch;vip;privately;duck;nibbling;handfuls;aunties;slacker;zip;beefed;anatomical;insides;handles;splash;bender;duds;gizmos;stashed;prep;cheeks;grandest;riot;club;bilge;phony;clue;loony;terror;stick;scrapped;hole;bunnies;ma;setup;breezes;'clean;foodies;drags;knocked;deb;breezed;slightest;history;civilizations;foodie;mowing;cleans;pieces;high;whizzed;carrot;'dad;bones;lambs;sis;messing;dreads;vibe;bunk;cabbies;don'ts;moron;revs;civilisation;lamb;mas;cabbie;grandad;claptrap;mess;highs;lab;guys;wagging;tories;padre;light;romped;eats;stash;si;mucking;dread;shade;dream;beauties;gumption;don't;spitting;dreamed;slouch;whizzing;brit;clincher;dough;flopped;quake;horns;fellas;coronary;hock;budgies;dreading;messed;conned;'mama;energies;holing;crew;auntie;production;messes;peanuts;cred;booed;brainer;dad;minting;goon;pushover;skipper;weeds;breezing;worlds;masters;'ok;drop;freebies;rocks;vibrations;fiddle;rock;shrinks;champ;feeds;hammering;crocs;bagged;busts;ed;energy;chomping;champing;junkie;whiz;ex;okay;slew;buzz;rioters;item;beefing;rep;rev;vibes;lad;stud;hangouts;hooker;ref;splashed;gran;bookie;whammy;labs;splashes;grapes;grandma;beauty;hammerings;fret;reared;backside;stiffer;thing;butterflies;heck;bookies;top;feed;plastics;scorchers;champs;'plastic;dithered;number;celeb;bitch;chopper;copped;wimp;soaps;quads;horse;bite;devils;flavourful;plastic;pinned;zeros;mama;'do;pushovers;murder;sealed;'world;nibble;shorty;digs;grandpa;tailing;quad;subbed;tory;cracks;massacring;romp;trike;grubber;rehab;silly;anatomically;rag;twisting;showbiz;sam;carrots;dash;talking;stiffest;sax;cleaned;mint;'club;invite;affairs;lib;congrats;drubbing;nagged;zoo;lit;lip;shocker;fella;winks;butterfly;weeding;pain;cheesecake;whizz;anatomy;mouth;massacred;doo;looker;doc;sidekick;cover;dog;drifts;massacres;tech;clean;shop;affair;shot;hustled;morons;goodies;stunner;booze;'grand;chicken;flicked;motherhood;baddie;booing;bust;sugar;buttons;slog;zipping;dreaded;lighted;do;hassles;remotest;spud;massacre;reps;terrors;wisecracks;joint;hassled;hotshot;nagging;flicks;biggie;typos;belts;'don't;nibbles;married;licking;bag;piggy;shots;cleavage;wannabe;bam;scrooge;buzzes;vino;bigwigs;spamming;nut;innards;sec;howler;apologies;oceanic;tripping;snoozing;scrap;goers;spoons;behind;smallest;flame;mouthful;bellies;buckets;prepped;ends;junkies;zipped;handful;dogging;vanishing;fiddling;footie;clues;lightness;techies;cop;stinker;brat;pits;tracks;tlc;busted;zilch;cleanest;hangout;bunks;invites;con;loveliest;point;royal;pot;smithereens;revving;backsides;belt;willy;devil;lifer;beef;medico;dud;muck;'light;oomph;pj;lovely;mike;lambing;busting;rioting;crack;gander;kudos;bull;tiniest;spin;loon;docs;juice;uptake;wimpy;skippering;belted;murders;invited;cigs;propped;beens;refs;expat;lush;jungles;spooked;pap;dithering;nighter;propping;digging;grand;hocking;bunny;bells;pussycat;stiffness;promo;iou;boo;weed;padres;characters;whale;kid;hopping;rollers;cheek;chickens;ocean;breeze;mamma;mother;rears;flops;dads;bugger;sleeps;granddad;numbering;crewed;weeded;rocked;world;speed;ham;vibration;character;shouting;spread;dreams;wimps;shoestring;nada;slogged;ream;rasta;read;mayo;mow;biz;lads;hassling;mob;bit;glitches;rear;knock;semi;spine;buddies;zoom;soap;tipple;lefties;laughing;setups;reams;spins;limo;grub;groupies;humdinger;hair;daylight;productions;hassle;sight;brits;tripped;hipsters;'number;fettle;kiddy;prop;flopping;hipster;aussie;prof;fanny;hustle;biopic;grannies;lefty;royals;guff;pooch;nerves;zips;peep;smidgen;ducking;ok;goody;frets;mouthfuls;belting;ounce;heel;chow;whistles;subs;screamer;facility;choppers;pussy;spreading;skippers;'zero;lifers;yahoo;dreaming;drifted;shrinking;murderers;bubbly;minted;spam;sock;kidding;gig;hiccups;quakes;worshippers;way;crews;jinx;downer;hookers;ivory;names;typo;mucked;coke;rioted;hiccup;granny;highest;info;flavour;silliness;inside;bucket;stories;moonshine;whisker;daddy;groove;trips;ab;hams;pin;pic;covers;'dream;intro;skippered;prayer;pit;trip;stiffly;fiddles;fiddler;moniker;nag;boos;pickings;topped;points;fiddled;ducked;scraps;hustling;shrink;dashes;murdered;juices;geezer;gutting;drift;crewing;aussies;anatomist;semis;drag;snooze;'time;tummy;grief;remote;apology;zooming;age;drifting;time;holed
tennis,faulted;letting;let;advantage;strokes;fault;breaks;break;faults;faulting;faultless;advantages;'let
offensive,nigger;shit
sports,feed;bye;forehands;netted;positioned;deliveries;backhands;put;winging;forehand;biathlon;triathletes;centers;'put;blocked;forward;triathlon;blocks;service;tackling;holdings;feints;tip;start;pickup;holding;tippers;net;byes;backhand;biathletes;tipper;tacklers;return;returned;triathlete;takeaways;park;breaks;center;serve;serviced;break;triathlons;punts;position;tackle;feint;blocking;middleweight;delivery;biathlete;territory;puts;pickups;positioning;serves;tackler;punt;block;takeaway;tackled;tipping;wing;punting
literary,libertine;maelstrom;visage;serpent;presence;wasting;shore;savour;ravages;transports;pathos;steed;elan;stamper;sands;transporting;serendipity;amour;still;tempest;contents;content;succour;bowers;stair;cast;lots;idyll;libertines;sand;thirst;stills;climes;flower;unfortunate;valor;serpents;waste;isle;footfall;companions;maw;shored;conceit;breaks;vale;transported;break;travails;death;shifting;serendipitous;rape;'death;valour;flowers;crone;shoring;stamp;steel;shores;paean;threaded;thread;spleen;stairs;pearls;otherness;elegiac;spectre;threading;stillness;leviathan;braggadocio;casts;bower;threads;'still;elegy;steeled;transport;knell
also,nature;natures
music,sonatas;pauses;variations;dynamically;dynamic;sol;paused;winding;arrangements;winder;'time;tone;dynamics;movements;mezzo;pause;baritone;la;rounding;studying;sopranos;arrangement;note;re;noting;staff;staffing;toning;tonic;run;'run;variation;pausing;fa;bassist;sonata;'la;alto;bar;organist;downbeat;study;mi;'re;so;'so;time;movement;round;wind
medicine,hives;hiv
mathematics,operations;set;powering;additions;sectioned;chord;octagon;expressions;pentagon;operation;triangles;valuing;rooting;addition;remainder;section;hexagonal;basing;division;product;power;denominator;'y;'x;base;subtraction;angles;multiplication;'n;equations;divisions;valued;chords;root;equation;value;n;unknowns;place;unknown;y;x;hexagon;expression;decimal
soccer,kicks;crosser;swords;cross
plural,hundredths;thousandths;people;braced;'people;crafted;braces;staff;peopled;hundredth;peoples;hundred;thousands;staffing;dozen;thousand;hundreds;craft;mullet;crafting;dozens;brace;k;thousandth
law,misdemeanour;judgments;batteries;surety;possessions;defaulters;assaulting;appellant;warrant;count;complaint;habeas;plaintiff;'will;warranted;inquests;tenures;receivership;defaults;offenders;manslaughter;malfeasance;publics;complainants;injunction;entering;consenting;proceeding;pleading;limitations;assaults;felony;deposition;miscarriage;perjury;minorities;testament;variance;examinations;appeals;battery;lien;dereliction;probation;litigant;service;wills;defaulting;examination;possession;miscarriages;visitation;subpoenas;defaulted;courts;case;assaulted;default;will;malpractice;plaintiffs;counting;contempt;inquest;complainant;writs;breaking;damage;majority;damages;injunctions;towards;minority;sureties;litigants;serviced;assault;complaints;judgment;majorities;affidavit;proceedings;writ;subpoena;tenure;claims;counted
cricket,wicketkeeper;wicketkeepers;innings
finance,realisation;maturities;bonds;guarantor;futures;guarantors;maturity;quotation;future;realization;quotations;markets;bonded;bond
business,licensees;par;pars;promissory;licensee
geology,faulted;plate;valleys;fault;faulting;faultless
photography,speeded;exposure;speed;exposures
British,coach;chain;minicab;crofters;results;switches;crocodile;go;ros;cupboards;payoff;videoed;bicentenary;sweetest;removal;skipping;balled;marks;whack;helter;returned;returning;rise;smack;ticket;kitted;squares;washing;turns;gum;leavers;booting;friendliness;round;dockers;streets;cosh;second;video;winder;teas;makers;alsatian;incomers;croft;backbenches;prisons;concessions;fingers;bowled;tattoos;hash;whitehall;licences;costumes;beck;tracks;rubbers;specialism;shortness;safes;electrics;studs;lorries;pickle;leaver;pinning;supplements;resulting;pedalo;placings;sticking;felled;halfpenny;slices;marginal;clapping;lounger;wellingtons;bathers;scaled;sheriffs;snug;stings;licensing;verge;illumination;sported;zip;coached;noting;shortest;pitching;petrol;lorry;horses;snap;pushchairs;speedway;draughts;workhouses;casualties;crosses;weighting;carriageways;friendly;halts;sweeter;windscreens;medicals;slightest;candidature;estate;thermally;dialling;stinging;pieces;obliquely;crofts;jumble;hoardings;junctions;garden;friendlier;friendlies;freezes;steppers;snaps;wold;becks;paintwork;ball;motorway;tidying;mocks;bursary;short;third;carding;hosepipes;wing;wind;framing;illuminations;rotas;removals;snugly;bowl;oblique;closeness;hiring;rounder;noughts;terrace;pitch;razors;slimmer;worship;dummies;troubles;comprehensives;coaching;friendliest;bursaries;secondment;pram;parades;dolls;bolting;flex;centenary;return;bobsleigher;remission;physiotherapists;plaster;zips;scaling;sweets;parliaments;schools;centenaries;reckoning;porters;butting;bolted;fringed;rocks;courses;terracing;fringes;soya;photocall;'close;athletics;brews;sledged;chomping;bowls;champing;winging;jellies;giro;teatime;sledges;revisions;bunched;roundabouts;touts;'second;childminder;bunches;brewers;ro;'third;unionists;stamping;turning;bolts;risen;cars;smacking;maths;desks;card;halted;gilts;steak;qualification;constabularies;promotion;jumbled;feed;gangways;weeps;braced;rank;gardeners;benchers;surveyors;lagging;lucerne;coalface;visions;singling;braces;squashed;earths;superannuation;quangos;pinned;fells;draft;slides;muscles;tokens;butt;warders;nappies;carded;classed;skimmed;tipping;physiotherapist;sledging;tidy;allotments;creases;winding;creased;wipers;hgv;note;labour;hgvs;drinks;brace;hotchpotch;hires;theatre;sledge;newsreaders;fightback;phase;outgoings;approved;parting;singled;promotions;dummy;'class;spanners;medical;backbencher;cover;stoning;motorways;brew;tramline;pease;tubes;rating;ironmonger;bathing;tipper;passages;postcode;earth;thirds;tramlines;zipping;secretaries;slows;cots;watching;overall;wardens;roundabout;closely;plasters;trucks;paddling;thermal;'friendly;finishing;postcodes;surgeries;vision;set;rocked;drafted;dustbin;frame;puppets;result;close;surgery;sport;jerseys;paracetamol;closes;phases;formers;seconded;postbox;smacks;smallest;bunch;truncheons;zipped;brewing;butts;ranked;prams;cos;cor;railwaymen;jelly;estates;uni;sweetie;flies;rounders;licence;point;sweet;pot;qualifications;quango;lido;arcades;poll;minicabs;wolds;carer;bedsit;conservancy;drafting;reservations;privilege;marginals;mockingly;duties;box;vans;fire;armbands;squash;mocking;tapping;roasting;towns;felling;paying;plastering;fur;guarding;elections;'step;medically;aeroplane;backbenchers;armband;polythene;bathe;smacked;playgrounds;brewer;verges;sting;brewed;pavements;claps;truncheon;postboxes;halt;orbital;tattoo;coastguard;privileges;locking;shorter;churchwarden;funfair;boiled;waxwork;clearout;closest;warder;carriageway;kit;coaches;diversion;levels;climbing;overalls;weep;flexed;theater;wellington;opticians;sett;flexing;jersey;butted;centres;theatres;docker;payoffs;tip;polled;comprehensively;tattooed;conservatoire;ticketing;diversions;pushchair;scales;crocodiles;bobsleigh;tippers;comprehensive;mocked;aeroplanes;boxed;hosepipe;mot;whispers;sapper;nappy;spanner;scoreline;bit;carers;flannel;pavement;offices;rota;counsels;pantomime;clap;landslip;gardening;scorelines;replays;constables;skelter;scale;tube;recorded;physiotherapy;singles;firings;wendy;phasing;lark;staffs;chains;porter;porridge;seconds;pasts;rock;terraces;liners;step;bolt;cors;snapped;terraced;raiding;stone;goods;bencher;fringe;caravanning;gums;allotment;climbdown;trainspotting;concession;tenants;catherine;framed;gilt;guard;strip;frames;paye;maize;tidied;hoarding;placing;backbench;class;newsreader;tidier;resulted;pitches;specialisms;inverted;viva;hire;chained;carriage;tones;verging;furs;tiniest;pin;angled;stripped;covers;single;stallholders;'go;hospitals;casualty;constabulary;landslips;aunts;workhouse;boot;rubber;smears;mock;revision;draught;childminders;peas;visits;fell;propelling;windscreen;agm;setts;ranks;crease;rounding;u;stacks;ticketed
approving,chutzpah
baseball,bagged;inning;tagged;force;'out;battery;averaging;popped;pop;walk;pops;second;curveball;triple;pitch;popping;balk;firsts;thirds;batting;out;bagging;plays;batteries;lead;seconded;'second;closer;'double;rubber;batters;outed;tagging;pitching;doubling;forcing;'third;'triple;tripling;batted;triples;dh;seconds;sacrifice;balked;pitches;tripled;batter;rubbers;nerves;backstop;runners;leads;hits;sacrificing;third;sacrificed;double;average;averaged;'first;doubled;sacrifices;bag;tag;rbi;hitters;averages;first
grammar,superlative;pronoun;numbering;number;voices;plurality;linking;mood;intensively;objectives;intensive;verbs;agreements;objective;objectivity;voicing;object;agreement;affixed;predicated;verb;moods;coordinating;objectively;case;superlatives;objecting;'number;parts;substantive;objects;modal;antecedents;voice;objected;negatives
astronomy,nebula;nebulae;nova
slang,wheel;smacked;gs;g;acidity;grasses;scumbag;acids;smacks;smacking;smack;wheeling;acid;joints;grass;grassed;grassy
formal,colleges;coda;dissolution;vestiges;umbrage;pique;disrepute;aegis;assailants;plaudits;meditation;allowances;decisions;retention;compact;onus;caveats;equivalence;aggregations;countryman;charge;piqued;ambience;siblings;verity;communique;iconoclastic;translations;cadaver;corollary;rancour;psyche;paternity;vitriolic;leave;sloths;assemblage;lightest;heralds;esteem;victor;residue;predictor;imported;constitution;directive;divorces;pragmatist;current;importer;pragmatism;attitudes;currently;attire;'self;method;opposition;misdeeds;amalgam;poverty;refused;remark;aspirant;compliance;leaving;travails;celebrants;honor;spoil;welter;'national;paragon;posterity;purveyors;modus;illumination;tutelage;aspirants;adversary;governance;modicum;panoply;reciprocity;heralded;hegemony;possession;bombast;credulity;bombastic;infamy;trait;curriculum;spoils;commissioned;citizenry;diatribes;orator;eventuality;account;preponderance;divorced;consort;refusing;reportage;joie;recession;forbearance;temperatures;caveat;nurture;purports;detritus;lighted;raison;estate;nexus;permutations;pluralistic;bonded;restitution;oratory;acrimony;equities;currents;patrimony;symposium;profiting;altercations;projectile;residues;applications;countering;representations;statuary;profited;refuse;light;counter;signatories;assailant;forebears;representation;illuminations;claimant;interlocutor;heraldic;closeness;duplicitous;entity;attitude;canard;parlance;scoring;thuggery;possessions;decorum;d'etre;signatory;'light;spoiling;infraction;savory;posture;nom;vivre;recipients;articulation;raconteur;equanimity;projectiles;warranted;penetration;mandate;bar;singularity;rhetoric;eventualities;gastronomy;repositories;purporting;pleasantries;herald;'close;predilection;nationals;celebrity;victors;surfeit;dichotomy;habitation;conventions;society;countrymen;phalanx;mandated;seditious;closest;populace;profit;belligerence;disquiet;invective;imperative;fortitude;sureties;parentage;fiber;zoological;paucity;miscreants;disposition;receipts;vestige;equine;professions;tenets;diaspora;divorcing;signature;consequence;reversing;narratives;dwelling;decency;purport;belligerent;number;straining;plurality;specificity;enormity;eminence;prospecting;temperature;probity;divorce;engagement;construct;noms;felines;redress;convention;esteemed;protestations;duress;incursions;reversed;realization;manifestation;translation;reverses;affront;lament;spoiled;merits;ascendancy;prospect;watercourses;imports;constructors;servitude;dictate;commissioning;necessities;competency;constructions;self;admittance;infractions;concerns;directives;imperatives;commonplace;coterie;ascendency;pronouncement;demise;plenty;remarks;engagements;sally;redressing;consequences;accounted;jewry;signatures;sage;merit;tenet;statecraft;laments;analogue;surety;requisite;fibre;ambit;nadir;principality;maturation;entities;equity;prospectors;continuity;bonds;meditations;hostility;stasis;countered;closely;savoury;dwellings;timepiece;domesticity;resource;continuum;stalwarts;vivendi;sojourn;denouement;safeguarding;fait;constructing;national;college;safeguarded;apologies;close;optimum;compacted;concern;closes;receipt;feline;ornament;score;polymath;altercation;import;lamenting;conclave;temerity;premises;recessions;importers;virtuosity;lightness;reaction;prospects;reverse;excrement;strains;manifestations;estates;fraternity;estimation;allowance;sloth;premise;duplicity;coincidence;satisfaction;preparedness;discrimination;milieu;commission;proprietor;communion;diatribe;torpor;determinant;efficacy;strictures;shortfall;tomes;protocols;sedition;chicanery;defeatist;estimations;pretence;defeatism;curricula;riposte;primacy;mandating;gastronomic;antithesis;sustenance;strain;ramifications;volition;vagaries;nuptials;propensity;acquaintances;schadenfreude;deference;practitioner;'leave;restraint;huntsman;nurtures;nationally;censure;contrition;proprietors;issuance;necessity;antecedents;aggregate;nurtured;judgment;oeuvre;vitriol;charges;oppositions;synopsis;censured;paradigm;operandi;bonhomie;pronouncements;rancorous;protocol;negligence;judgments;being;money;numbering;safeguards;aspect;nurturing;apostasy;presumption;'money;doyen;counselled;delegations;warrant;persuasion;aspects;constitutions;adversaries;complicity;apostates;confines;opprobrium;recipient;persuasions;strife;purveyor;communications;timepieces;curriculums;dictating;methods;veracity;undress;delegation;traits;competencies;pall;ornaments;prerogatives;conflagration;acquaintance;jurisprudence;'number;decision;aggregation;periphery;ethos;detractors;repository;dictates;deferential;pluralist;pluralism;refuses;dictated;retribution;portico;modernity;hostilities;merited;apostate;bond;tome;primitive;letter;plethora;communication;causation;profession;celebrities;locus;rendering;beings;accounts;shortfalls;parity;attrition;utility;realisation;valedictory;derision;husbandry;synthesis;mandates;remarking;construction;restraints;safeguard;counsel;classicist;multiplicity;prosecutions;interlocutors;postures;exemplar;perpetuity;temper;deliverance;bearing;naysayers;heralding;pontiff;corrective;dearth;restorative;sibling;claimants;importing;incursion;liberalism;constructed;counselling;prerogative;application;repute;nay;stalwart;scored;constructs;aggregates;remarked;prosecution;trepidation;aggregated;rostrum;nihilistic;deterrence;consternation;apology;ranks;severance;quandary;narrative;apparel;profits
rugby,touchdown;ruck;touchdowns;goals;rucks
geometry,sine;solid;rectangular;solids;plane;planes;pi;rectangle;solidly
medical,oncology;influenza;murmurs;osteopath;epidemiologist;epilepsy;implants;femur;course;cardiologist;ulcer;osteoporosis;thyroid;asthma;termed;radiologist;stent;acne;epileptic;bipolar;shingles;narcolepsy;appendicitis;gynaecology;cardiologists;sepsis;placenta;nodes;septicaemia;plasma;dwarfism;jakob;cysts;typhus;tinnitus;articulation;rhesus;urine;stitchers;paraplegic;neurological;pathologist;coursing;parkinson;tuberculosis;atrophy;defibrillator;crabs;term;palates;autistic;prostheses;gallstones;whooping;obstetric;therapists;tendinitis;progesterone;implanting;transmitted;diabetes;anaesthetist;rheumatoid;lupus;diarrhoea;shock;antibiotic;obstetrics;acquired;spina;growths;neurology;sexually;angina;dripped;dysentery;stitch;section;hepatitis;emphysema;adhesion;conjunctivitis;cortisone;syphilis;defibrillators;jaundice;induction;mammography;shocks;fractures;thrush;rickets;malaria;sections;cirrhosis;epidemiology;thrushes;bifida;murmur;tendons;inhaler;implanted;triage;contraction;murmurings;colonoscopy;meningitis;piles;glaucoma;pandemic;presentations;leukaemia;paranoid;radiographers;insulin;neurologist;placebo;lancet;cystic;contractions;haemophilia;hypothermia;slipped;stitched;oncologist;seizure;colon;movement;mammogram;stroking;seizures;asphyxia;inpatients;radiology;dyslexia;exposure;dyslexic;heatstroke;antibiotics;amnesia;obstetricians;chemotherapy;fibula;resuscitation;pathogen;exposures;neuron;crab;cardiology;prosthetic;curvature;prosthesis;stethoscope;palsy;lymph;pathogens;anaesthetic;orthopaedics;placental;colitis;tonsillitis;presentation;implantation;pneumonia;mutilation;growth;leprosy;paediatrics;poisoning;scans;scanners;diuretic;ophthalmology;neurone;bronchitis;gynaecological;sectioned;drips;radiotherapy;inpatient;stroke;neurons;hypertension;eczema;plaques;serum;antidepressants;abscess;polio;dialysis;gynaecologist;tourette;doula;autism;oncologists;lesions;paralytic;mumps;insemination;gangrene;implant;movements;fibrosis;tibia;tendonitis;rubella;lesion;typhoid;biopsy;dermatology;arthritis;blockers;osteoarthritis;arthritic;virologist;stroked;antibodies;obstetrician;neurologists;sclerosis;drip;hypnotic;antidepressant;pathologists;cortex;uterus;cpr;plaque
economics,laissez;faire
impolite,senses;terms;sod;comes;served;grips;come;'come
US,hundredths;coach;charley;slated;seals;highways;eds;wolverines;feeding;disposal;disability;tracker;puffs;uptick;garden;shifters;grinds;automobiles;reconstructions;tagging;permits;specialties;booting;sidewalk;rack;bola;parted;flashlights;pms;pacesetters;tires;retirements;chopping;licenses;horseshoe;doctrines;staffers;checkers;witnessed;section;ticks;favour;melt;stoop;reconstruction;bowled;crunch;notions;ranged;interns;makeup;diapers;'watch;hundreds;canes;trunk;pedals;chipped;standout;study;condos;crumbled;measuring;midway;offs;blowtorch;retiree;stamps;soybeans;screens;zips;semester;soybean;toys;punching;letterhead;vaudeville;crammed;streetcar;zip;recalling;accommodation;shotguns;overhead;waterline;cram;expressway;popped;mush;formally;superhighways;johnny;realty;zipped;organizations;rotational;bartender;trackers;recall;gasoline;guards;elastic;columns;parkway;centennial;sectioned;stocked;high;tag;slugging;tac;airplane;pinto;onions;docking;sidewalks;crumbling;stock;sprinkle;overall;highs;softball;gardeners;ties;upstate;penitentiary;cottoned;lines;'oh;wrench;scrubs;stocker;oysters;irregularity;bartenders;tagged;zee;vita;birds;hundredth;courthouse;crew;pipping;coaching;superhighway;birdied;gassing;gasses;slate;primary;dock;ambition;oxford;rotation;porters;gassed;slicker;meat;blushes;hancock;alternately;registrations;billy;steelworkers;levees;roast;veins;athletics;side;brews;scuffing;mums;stooping;snaps;bowls;sectional;workweek;blinded;popping;irons;trusty;interned;rx;trusts;wolverine;misses;safety;brewers;entitlements;formula;'high;receiving;math;caregivers;faculties;members;disposals;riser;dispatcher;throwers;birdie;carnival;priorities;retainer;elective;soda;blush;blind;features;dailies;faculty;railroads;number;one;fees;probation;miss;singling;passes;ponzi;automobile;crunches;girls;reuben;elevator;racks;priority;checker;airs;draft;witnessing;vetoes;hundred;crunched;final;boil;sixteenth;shell;sores;pit;park;lists;part;shifter;'mum;boarding;classed;pickups;structures;ouster;automakers;transferred;bee;siding;cuff;carriages;lunches;recesses;clip;pulped;stomping;buildings;allen;car;studying;relatives;sprinkled;primaries;raisins;formulas;play;singles;automaker;mimosa;letter;formulae;romaine;class;singled;pencils;'class;pips;rotary;freeway;brew;notion;laws;shop;advisory;recess;meetings;automated;accommodations;fifty;pops;spaces;drawings;freight;defender;ground;justice;stockholders;pickup;creamer;zipping;blinds;scrubbing;interstate;scuff;quizzes;watch;preferred;ones;technicians;ged;boils;pacesetter;greens;irregularities;tiki;boarded;scrubbed;bars;drafted;racked;crunching;sedans;wire;ambitions;pictures;compensation;purses;registration;unions;staffer;fifties;mum;ira;slugs;claws;gamers;slingshot;brewing;efficiency;outages;ramps;condo;packages;mariachi;restroom;gamer;wipeout;uni;prosecuting;sweep;pop;satisfaction;adjuster;wides;conference;raise;addition;thumbed;mark;reservation;spread;fry;slips;lanes;packs;transferring;gas;snap;recalled;rubs;plaid;steelworker;stubs;air;melted;mimosas;deductible;tellers;pound;examiner;conferences;brewer;brewed;pavements;splendour;crystals;stoves;surrey;cables;bowl;checking;pac;whitecaps;'low;lumbering;cramming;coached;stooped;coaches;medicaid;overalls;bangs;docked;grind;drawing;slugged;schoolers;deltas;numbering;crewed;ermine;roasted;'final;flashlight;retirement;cuffs;risers;workers;alternate;rangers;gardening;advisories;board;shoestring;ballots;formal;chaparral;rules;docks;'run;wrangler;railroad;projects;vanity;shoulder;vests;pipped;pavement;zoos;recalls;sneaker;petting;alternated;columnists;aired;webs;intern;goaltender;trucker;alternates;crewing;scuffed;track;efficiencies;sneakers;porter;cord;truckers;run;skeet;rub;maven;snapped;tonks;slug;boards;oh;disabilities;bicentennial;range;medicare;backup;knits;jimmy;spreading;rotations;socks;sedan;raises;doctrine;parties;soy;sox;additions;drafting;birdies;entitlement;shells;sidings;transfer;cheesesteak;gases;strip;elevators;bees;low;crews;slopes;'one;withholding;pounded;visitation;specialty;lows;delta;gurney;blindness;highest;jerky;rush;'play;rockefeller;fries;clips;crystal;carriage;pulp;videos;stripped;watches;crumble;single;pip;watched;graham;check;cotton;birdieing;rubbed;doctrinal;boot;bragging;witness;scrub;airplanes;outage;trailers;scores;transfers;stocks;finals;freeways;missed;'number;daily;rallies;retirees
technical,opinions;proofed;manifold;powering;train;fulcrum;dynamic;focus;foodstuff;glazed;riser;damming;font;proofing;priming;grout;transformer;risers;scales;coordinates;sugar;thermodynamics;enzyme;theorem;parabolic;suspension;plasma;focussed;cusp;fatigues;urea;slipstream;crustaceans;'run;transponders;primed;scaling;inhibition;fatigued;philatelic;sorted;correlates;minute;volatility;prime;gearing;fruiting;sorting;subsidence;topography;cognition;fonts;fluttered;thrusts;crustacean;vortex;flutters;nutrients;cleavage;bafflement;trope;cirrus;subset;architecturally;racked;sensitivity;petrochemicals;displacement;aquifer;culture;magma;lifter;projections;sea;vertebrae;run;dynamics;proofs;hydrocarbon;conductivity;scupper;combustion;filtration;matrix;electronics;electromagnetic;tachometer;luminescent;volatile;emulsion;foodstuffs;sorts;induction;architecture;decibels;focuses;transformers;power;suspensions;bearing;amalgam;mechanisms;impetus;deposition;architectural;bafflingly;hydrate;telescopes;raptor;baffled;hertz;ion;minutes;transponder;rack;sensing;streams;baffles;logic;locomotion;raptors;permafrost;hydrocarbons;scale;projection;sire;pulsar;litmus;bath;microscopes;thrust;warped;waved;teletext;ethanol;array;tropes;pharmaceutical;converter;sheet;cetaceans;salting;throttled;lactic;pharmaceuticals;inhibitions;cultures;mach;glucose;sort;rorschach;thrusting;resistance;warp;glazing;scuppering;condensation;coordinated;precipitate;focusing;minutely;cochlear;ordnance;throttle;algorithm;bauxite;scuppered;pulsars;schizophrenia;bed;sensitivities;enzymes;sternum;cam;cetacean;predation;precipitated;proof;ions;slip;radiocarbon;dynamically;torque;lifters;ratios;telephony;petrochemical;arachnid;bathed;precipitating;baths;arrays;rotors;pathology;salinity;convection;saline;rotor;bedded;sired;deconstructed;hydrates;scaled;dams;dam;decibel;hydrated;deviation;diagnostics;patella;baffling;triangulation;coordinate;fruit;fatigue;printed;toxicology;wave;flutter;electromagnetism;baffle;deviations;correlated;correlate;cams;fluttering;lift;focussing;corona;vertebra;hydration;algorithms;propulsion;deconstruction;nutrient;opinion;salt;aquifers
bowling,pinning;strike;pin;pinned
military,reviewers;review;reviewed;reviews;reviewing;reviewer
chemistry,isotopes;polymer;elements;bonds;polymers;isotope;element;sulphuric;base;formaldehyde;dioxide;sulphur;phosphorus;basing;bonded;bond
physics,relativity;reactor;proton;neutrons;quantum;mass;acceleration;photons;quarks;massing;particles;electrons;massed;neutron;photon;electron;fusion;work;protons;drag;drags;'work;reactors
or,gospels;creation;resistance;greenest;ecstasy;earth;sea;church;hell;administrations;heavens;oceanic;mafia;administration;mafias;'green;creations;paradise;churches;earths;pastures;oceans;jo;joe;wood;sister;heaven;ocean;green;joes;greenish;gospel
